subject,video,onset,offset,emotion
1,disgust2,6,18,surprise
1,happy1,37,49,surprise
2,disgust1,7,19,negative
2,disgust2,1054,1066,negative
2,happy1,5,17,negative
2,happy3,4,16,negative
2,happy4,109,121,negative
3,anger2,508,520,negative
7,disgust2,143,155,positive
8,anger1,2271,2283,negative
8,happy4,835,847,positive
9,disgust1,128,140,surprise
9,disgust2,1,13,positive
11,disgust1,417,429,negative
11,disgust2,1,13,negative
11,anger1,369,381,negative
11,happy1,1082,1094,negative
11,happy2,357,369,negative
11,happy4,901,913,negative
12,happy1,291,303,negative
13,disgust1,1,13,negative
13,anger1,659,671,negative
14,disgust1,9,21,negative
14,anger2,14,26,negative
14,happy3,10,22,negative
15,anger1,10,22,surprise
15,happy1,139,151,negative
15,happy2,259,271,negative
15,happy5,286,298,surprise
18,disgust2,95,107,negative
20,anger2,631,643,negative
20,happy5,1,13,surprise
21,happy4,29,41,negative
