subject,video,onset,offset,emotion
6,006_1,1899,1973,negative
6,006_2,515,589,negative
6,006_3,3034,3108,negative
6,006_5,104,178,negative
7,007_3,200,274,negative
7,007_4,116,190,negative
7,007_5,86,160,negative
7,007_6,89,163,negative
7,007_7,1572,1646,negative
9,009_2,239,313,negative
9,009_3,402,476,surprise
10,010_2,1708,1782,negative
10,010_4,1004,1078,surprise
11,011_1,81,155,negative
11,011_2,268,342,negative
11,011_3,246,320,surprise
11,011_4,591,665,negative
11,011_5,167,241,negative
11,011_6,1584,1658,negative
11,011_7,775,849,negative
12,012_3,5209,5283,negative
12,012_7,852,926,negative
13,013_1,67,141,surprise
13,013_7,1212,1286,negative
14,014_1,1224,1298,surprise
14,014_2,2256,2330,surprise
14,014_3,187,261,negative
14,014_5,7,81,surprise
14,014_6,14,88,surprise
14,014_7,407,481,negative
15,015_5,38,112,negative
16,016_7,141,215,negative
17,017_3,108,182,negative
17,017_6,360,434,negative
18,018_1,398,472,negative
18,018_3,1407,1481,negative
18,018_5,38,112,negative
18,018_7,178,252,negative
19,019_3,1002,1076,positive
19,019_4,518,592,negative
19,019_5,670,744,surprise
20,020_1,3230,3304,negative
20,020_4,184,258,negative
20,020_7,9173,9247,negative
21,021_7,3161,3235,negative
22,022_2,485,559,negative
22,022_3,359,433,negative
22,022_4,33,107,negative
22,022_5,6,80,negative
23,023_1,238,312,surprise
24,024_2,26,100,negative
25,025_4,177,251,negative
25,025_5,454,528,negative
25,025_6,153,227,negative
26,026_1,278,352,negative
26,026_2,779,853,negative
26,026_3,3612,3686,negative
26,026_5,316,390,negative
26,026_6,282,356,positive
26,026_7,3729,3803,negative
28,028_4,937,1011,negative
30,030_1,459,533,surprise
30,030_5,179,253,surprise
31,031_3,74,148,negative
32,032_3,365,439,negative
32,032_4,170,244,negative
32,032_6,477,551,negative
33,033_1,327,401,surprise
33,033_2,2012,2086,surprise
34,034_3,271,345,negative
34,034_7,1925,1999,negative
35,035_1,15,89,negative
35,035_4,1219,1293,negative
35,035_5,333,407,negative
35,035_6,166,240,negative
35,035_7,6256,6330,negative
36,036_7,907,981,surprise
37,037_3,1420,1494,positive
37,037_4,192,266,negative
